USE jds;

delete from cities;
ALTER TABLE cities AUTO_INCREMENT = 1;

insert into cities
(city) VALUES
('Agra'), 
('Ahmedabad'), 
('Ahmednagar'), 
('Aizawl'), 
('Ajmer'), 
('Akola'), 
('Aligarh'), 
('Alappuzha'),
('Allahabad'),
('Almora'), 
('Alwar'), 
('Ambattur'), 
('Ambernath'), 
('Amravati'), 
('Amritsar'), 
('Anantapur'),
('Araleri'),
('Arambagh'), 
('Arrah'), 
('Asansol'), 
('Aurangabad'), 
('Avadi'), 
('Bally'), 
('Bangarpet'), 
('Baranagar'), 
('Bardhaman'), 
('Bareilly'), 
('Baripada'), 
('Bathinda'), 
('Belgaum'), 
('Bellary'), 
('Bengaluru'),
('Berhampur'), 
('Bhagalpur'), 
('Bharatpur'), 
('Bhatpara'), 
('Bhavnagar'), 
('Bhilai'), 
('Bhilwara'), 
('Bhiwandi'), 
('Bhopal'), 
('Bhubaneswar'), 
('Bhuj'), 
('Bidar'), 
('Bidhan Nagar'), 
('Bihar Sharif'), 
('Bijapur'), 
('Bikaner'), 
('Bilaspur'), 
('Bokaro'),
('Burdwan'), 
('Brahmapur'), 
('Chandigarh'), 
('Chandrapur'), 
('Chennai'),
('Chidambaram'), 
('Chittoor'), 
('Coimbatore'), 
('Cuttack'), 
('Darbhanga'), 
('Davanagere'), 
('Davangere'), 
('Dehradun'), 
('Delhi'), 
('Deoli'), 
('Dewas'), 
('Dhanbad'), 
('Dharwad'), 
('Dhule'), 
('Doddaballapur'),
('Dombivili'),
('Dona Paula'), 
('Durg'), 
('Durgapur'),
('Edathala'), 
('Ernakulam'), 
('Etawah'), 
('Faridabad'), 
('Farrukhabad'), 
('Firozabad'), 
('Gandhinagar'), 
('Gaya'), 
('Ghaziabad'), 
('Gopalpur'), 
('Gorakhpur'),
('Gubbi'), 
('Gulbarga'), 
('Guntur'), 
('Gurgaon'), 
('Guwahati'), 
('Gwalior'), 
('Hapur'),
('Hassan'), 
('Hisar'), 
('Hosapete'), 
('Howrah'), 
('Hubballi-Dharwad'), 
('Hyderabad'), 
('Ichalkaranji'), 
('Imphal'),
('Itanagar'), 
('Indore'), 
('Jabalpur'), 
('Jaipur'), 
('Jalandhar'), 
('Jalgaon'), 
('Jalna'), 
('Jammu'), 
('Jamnagar'), 
('Jamshedpur'), 
('Jhansi'), 
('Jodhpur'), 
('Kadapa'), 
('Kakinada'), 
('Kalpakkam'), 
('Kalyan-Dombivali'), 
('Kalyani'), 
('Kamarhati'), 
('Kanpur'), 
('Kanyakumari'), 
('Karaikkudi'), 
('Karimnagar'), 
('Kattankulathur'), 
('Khagrabari'),
('Kharagpur'), 
('Kishangarh'), 
('Kochi'),
('Kodaikanal'), 
('Kalady'),
('Kolhapur'), 
('Kolkata'), 
('Kollam (Quilon)'), 
('Korba'), 
('Kota'),
('Kotala'), 
('Kozhikode (Calicut)'), 
('Krishangarh'), 
('Kulti'),
('Kuppam'), 
('Kurnool'),
('Kurseong'), 
('Kushalnagar'), 
('Larambha'),
('Latur'),
('Lonavala'), 
('Loni'), 
('Lucknow'), 
('Ludhiana'),
('Madikeri'), 
('Madurai'), 
('Maheshtala'),
('Mahishadal'), 
('Mahuva'),
('Malegaon'), 
('Manauli'), 
('Mangalore'), 
('Manipal'), 
('Mathura'), 
('Mau'), 
('Meerut'), 
('Mira-Bhayandar'), 
('Mirzapur'), 
('Mohali'), 
('Moradabad'),
('Motihari'), 
('Mumbai'), 
('Muzaffarnagar'), 
('Muzaffarpur'), 
('Mysore'), 
('Nadia'), 
('Nagercoil'), 
('Nagpur'), 
('Naihati'), 
('Nainital'), 
('Nanded'), 
('Nangloi Jat'), 
('Nashik'), 
('Navi Mumbai'), 
('Nellore'), 
('New Delhi'), 
('Nirjuli'),
('Nirmal'),
('Nischintakoili'),
('Nizamabad'), 
('Noida'), 
('North Dumdum'), 
('Ozhukarai'),
('Palakkad'), 
('Pali'), 
('Panchkula'), 
('Panihati'), 
('Panipat'), 
('Panvel'),
('Parasia'), 
('Parbhani'), 
('Patiala'),
('Patancheru'), 
('Patna'),
('Perambalur'),
('Pernem'), 
('Pimpri-Chinchwad'),
('Pithoragarh'), 
('Prasanti Nilayam'), 
('Puducherry'), 
('Pune'), 
('Purnia'), 
('Radaur'), 
('Raichur'), 
('Raipur'), 
('Rajahmundry'), 
('Rajkot'), 
('Rajpur Sonarpur'), 
('Ramagundam'), 
('Rampur'), 
('Ranchi'), 
('Ratlam'),
('Ratnagiri'), 
('Rewa'), 
('Rohtak'), 
('Roorkee'),
('Rourkela'), 
('Sagar'), 
('Saharanpur'), 
('Salem'), 
('Sambalpur'),
('Sangli-Miraj & Kupwad'), 
('Santiniketan'), 
('SAS Nagar'),
('Satara'), 
('Satna'), 
('Secunderabad'),
('Serampore'), 
('Shahjahanpur'), 
('Shillong'),
('Shimla'), 
('Shivamogga (Shimoga)'), 
('Silchar'), 
('Siliguri'), 
('Sindhudurg'), 
('Singrauli'),
('Sivaganga'), 
('Sivakasi'),
('Sodepur'), 
('Solapur'), 
('Sonipat'), 
('South Dumdum'), 
('Sri Ganganagar'), 
('Srinagar'), 
('Sriperumbudur'), 
('Srirampur'), 
('Sultanpur'), 
('Surat'), 
('Surathkal'), 
('Thanjavur'),
('Tezpur'), 
('Thane'), 
('Thiruvananthapuram'), 
('Thrissur'), 
('Tiruchirapalli'), 
('Tirunelveli'), 
('Tirupati'), 
('Tirupur'), 
('Tiruvottiyur'), 
('Tumakuru (Tumkur)'), 
('Udaipur'), 
('Ujjain'), 
('Ulhasnagar'), 
('Uluberia'), 
('Vadodara'), 
('Vallabh Vidyanagar'),
('Vamadapadavu'), 
('Varanasi'), 
('Vasai-Virar'), 
('Vellore'), 
('Vijayawada'), 
('Visakhapatnam'), 
('Warangal'), 
('Yamunanagar'), 
('Yeddumailaram'),
('Yelburga'),
('Alibag'),
('Aligrah'),
('Ambala'),
('Ambikapur'),
('Anand'),
('Anantnag'),
('Badlapur'),
('Balaghat'),
('Bhojpur'),
('Bina'),
('Chhindwara'),
('Chikmagalur'),
('Chiplun'),
('Wardha'),
('Yavatmal'),
('Wayanad'),
('Viridhunagar'),
('Vishakhapatnam'),
('Valsad'),
('Umaria'),
('Udupi'),
('Udhampur'),
('Thoothukudi'),
('Bareli'),
('Krishnagar'),
('Krishna'),
('Krishnagiri'),
('Krishnapuram'),
('Jhunjhunu'),
('Puri')



